{"PositionData":"","FileVersion":"2.02b","Settings":{"DebugLogs":"Strict","OptOutErrorLogging":false,"ChamTransparency":0.7,"GuiTransparency":0},"Keybinds":{"Silent":"Enum.KeyCode.E","Gun":"Enum.KeyCode.G","Shoot":"Enum.KeyCode.C","Toggle":"Enum.KeyCode.Tab","Rapid":"Enum.KeyCode.Q","KillAll":"Enum.KeyCode.K","Ring":"Enum.KeyCode.R"},"Features":{"Toggle Shift Run":true,"Auto Grab Gun":false,"Toggle Fly":true,"Toggle Noclip":true,"Kill Player Aura":true,"All Cham":true,"Toggle Inf Jump":true,"X-Ray":true,"All Esp":false}}